timestamp,version,source_commit,tag,evidence_commit,grid_width,grid_height,generations,density,seed,run_number,elapsed_seconds,live_cells,checksum,hostname,job_id,compiler,compiler_version,compiler_flags
2026-08-21T00:05:19+10:00,v0_baseline,15e13cd499178bc80740b710912679aef8c2f037,v0_baseline,1c6a7c539b6ac9d26136f627bda5ca2a5e1858d1,512,512,800,35,12345,1,5.7015227,12555,15060713646708581250,a100-0,562436,g++,8.5.0,-std=c++17 -Wall -Wextra -Wpedantic -Wconversion -Wshadow -O3 -DNDEBUG
2026-08-21T00:05:25+10:00,v0_baseline,15e13cd499178bc80740b710912679aef8c2f037,v0_baseline,1c6a7c539b6ac9d26136f627bda5ca2a5e1858d1,512,512,800,35,12345,2,5.69965606,12555,15060713646708581250,a100-0,562436,g++,8.5.0,-std=c++17 -Wall -Wextra -Wpedantic -Wconversion -Wshadow -O3 -DNDEBUG
2026-08-21T00:05:31+10:00,v0_baseline,15e13cd499178bc80740b710912679aef8c2f037,v0_baseline,1c6a7c539b6ac9d26136f627bda5ca2a5e1858d1,512,512,800,35,12345,3,5.70582139,12555,15060713646708581250,a100-0,562436,g++,8.5.0,-std=c++17 -Wall -Wextra -Wpedantic -Wconversion -Wshadow -O3 -DNDEBUG
2026-08-21T00:05:36+10:00,v0_baseline,15e13cd499178bc80740b710912679aef8c2f037,v0_baseline,1c6a7c539b6ac9d26136f627bda5ca2a5e1858d1,512,512,800,35,12345,4,5.70086936,12555,15060713646708581250,a100-0,562436,g++,8.5.0,-std=c++17 -Wall -Wextra -Wpedantic -Wconversion -Wshadow -O3 -DNDEBUG
2026-08-21T00:05:42+10:00,v0_baseline,15e13cd499178bc80740b710912679aef8c2f037,v0_baseline,1c6a7c539b6ac9d26136f627bda5ca2a5e1858d1,512,512,800,35,12345,5,5.70074489,12555,15060713646708581250,a100-0,562436,g++,8.5.0,-std=c++17 -Wall -Wextra -Wpedantic -Wconversion -Wshadow -O3 -DNDEBUG
2026-08-21T00:06:05+10:00,v0_baseline,15e13cd499178bc80740b710912679aef8c2f037,v0_baseline,1c6a7c539b6ac9d26136f627bda5ca2a5e1858d1,1024,1024,800,35,12345,1,22.7681153,46221,5618886287333370134,a100-0,562436,g++,8.5.0,-std=c++17 -Wall -Wextra -Wpedantic -Wconversion -Wshadow -O3 -DNDEBUG
2026-08-21T00:06:28+10:00,v0_baseline,15e13cd499178bc80740b710912679aef8c2f037,v0_baseline,1c6a7c539b6ac9d26136f627bda5ca2a5e1858d1,1024,1024,800,35,12345,2,22.7810905,46221,5618886287333370134,a100-0,562436,g++,8.5.0,-std=c++17 -Wall -Wextra -Wpedantic -Wconversion -Wshadow -O3 -DNDEBUG
2026-08-21T00:06:51+10:00,v0_baseline,15e13cd499178bc80740b710912679aef8c2f037,v0_baseline,1c6a7c539b6ac9d26136f627bda5ca2a5e1858d1,1024,1024,800,35,12345,3,22.7640082,46221,5618886287333370134,a100-0,562436,g++,8.5.0,-std=c++17 -Wall -Wextra -Wpedantic -Wconversion -Wshadow -O3 -DNDEBUG
2026-08-21T00:07:13+10:00,v0_baseline,15e13cd499178bc80740b710912679aef8c2f037,v0_baseline,1c6a7c539b6ac9d26136f627bda5ca2a5e1858d1,1024,1024,800,35,12345,4,22.7502566,46221,5618886287333370134,a100-0,562436,g++,8.5.0,-std=c++17 -Wall -Wextra -Wpedantic -Wconversion -Wshadow -O3 -DNDEBUG
2026-08-21T00:07:36+10:00,v0_baseline,15e13cd499178bc80740b710912679aef8c2f037,v0_baseline,1c6a7c539b6ac9d26136f627bda5ca2a5e1858d1,1024,1024,800,35,12345,5,22.755976,46221,5618886287333370134,a100-0,562436,g++,8.5.0,-std=c++17 -Wall -Wextra -Wpedantic -Wconversion -Wshadow -O3 -DNDEBUG
2026-08-21T00:09:07+10:00,v0_baseline,15e13cd499178bc80740b710912679aef8c2f037,v0_baseline,1c6a7c539b6ac9d26136f627bda5ca2a5e1858d1,2048,2048,800,35,12345,1,91.0087328,191087,4873404224917354866,a100-0,562436,g++,8.5.0,-std=c++17 -Wall -Wextra -Wpedantic -Wconversion -Wshadow -O3 -DNDEBUG
2026-08-21T00:10:38+10:00,v0_baseline,15e13cd499178bc80740b710912679aef8c2f037,v0_baseline,1c6a7c539b6ac9d26136f627bda5ca2a5e1858d1,2048,2048,800,35,12345,2,90.8521698,191087,4873404224917354866,a100-0,562436,g++,8.5.0,-std=c++17 -Wall -Wextra -Wpedantic -Wconversion -Wshadow -O3 -DNDEBUG
2026-08-21T00:12:09+10:00,v0_baseline,15e13cd499178bc80740b710912679aef8c2f037,v0_baseline,1c6a7c539b6ac9d26136f627bda5ca2a5e1858d1,2048,2048,800,35,12345,3,90.8206003,191087,4873404224917354866,a100-0,562436,g++,8.5.0,-std=c++17 -Wall -Wextra -Wpedantic -Wconversion -Wshadow -O3 -DNDEBUG
2026-08-21T00:13:40+10:00,v0_baseline,15e13cd499178bc80740b710912679aef8c2f037,v0_baseline,1c6a7c539b6ac9d26136f627bda5ca2a5e1858d1,2048,2048,800,35,12345,4,90.7906676,191087,4873404224917354866,a100-0,562436,g++,8.5.0,-std=c++17 -Wall -Wextra -Wpedantic -Wconversion -Wshadow -O3 -DNDEBUG
2026-08-21T00:15:11+10:00,v0_baseline,15e13cd499178bc80740b710912679aef8c2f037,v0_baseline,1c6a7c539b6ac9d26136f627bda5ca2a5e1858d1,2048,2048,800,35,12345,5,90.8784507,191087,4873404224917354866,a100-0,562436,g++,8.5.0,-std=c++17 -Wall -Wextra -Wpedantic -Wconversion -Wshadow -O3 -DNDEBUG
